method,batch,prefill_tokens,decode_steps,phase,original_mean,replacement_mean,relative_reduction,pairs,block_length,ci_low,ci_high
bottleneck-eml-d1-s1103-n12000,1,128,32,prefill_seconds,0.05966045558452606,0.060674158732096355,-0.016991206950039084,30,5,-0.041293166887344857,0.00722865279763385
bottleneck-eml-d1-s1103-n12000,1,128,32,decode_seconds,1.3520038144662976,1.3615854658807318,-0.007087000282034461,30,5,-0.016306727639943785,0.0019517263518849803
bottleneck-eml-d1-s1103-n12000,1,128,32,end_to_end_seconds,1.4116653044397631,1.4222606736545762,-0.0075055816569906675,30,5,-0.015942873421077364,0.0009205678073609391
bottleneck-eml-d1-s1103-n12000,1,128,32,prefill_gpu_ms,57.82412465413412,58.721212005615236,-0.015514067127637476,30,5,-0.043185637274336885,0.008862914232774417
bottleneck-eml-d1-s1103-n12000,1,128,32,decode_gpu_ms,1349.6488484700521,1359.214249674479,-0.007087325873889494,30,5,-0.016194142704434755,0.0019448930776367682
bottleneck-eml-d1-s1103-n12000,1,512,32,prefill_seconds,0.0633844435835878,0.0632912057141463,0.0014709897913444125,30,5,-0.020609254671548838,0.023676142948576562
bottleneck-eml-d1-s1103-n12000,1,512,32,decode_seconds,1.299455096013844,1.3182264278953273,-0.014445541011048002,30,5,-0.03428951004917358,0.00830971819601245
bottleneck-eml-d1-s1103-n12000,1,512,32,end_to_end_seconds,1.3628405390928189,1.3815185963486631,-0.013705240429872534,30,5,-0.0322206781361305,0.007728569465576873
bottleneck-eml-d1-s1103-n12000,1,512,32,prefill_gpu_ms,61.00891939798991,60.905857467651366,0.0016892928338267943,30,5,-0.0205865343797067,0.024121733212001062
bottleneck-eml-d1-s1103-n12000,1,512,32,decode_gpu_ms,1297.4368489583333,1316.0173828125,-0.014320954325510726,30,5,-0.03413471947492286,0.008426323778983669
bottleneck-eml-d1-s1103-n12000,8,128,32,prefill_seconds,0.051643173272411025,0.05106170829385519,0.01125928059239667,30,5,-0.0187382732712551,0.04387273212193887
bottleneck-eml-d1-s1103-n12000,8,128,32,decode_seconds,1.2519159560402233,1.249830601674815,0.0016657303194730355,30,5,-0.0076875165250955835,0.011571871689207702
bottleneck-eml-d1-s1103-n12000,8,128,32,end_to_end_seconds,1.3035601865500213,1.3008933047453561,0.002045844781224271,30,5,-0.007532156184191896,0.012924237333084787
bottleneck-eml-d1-s1103-n12000,8,128,32,prefill_gpu_ms,50.98781026204427,50.38467305501302,0.011829047059121023,30,5,-0.01950838548350342,0.04629608601502144
bottleneck-eml-d1-s1103-n12000,8,128,32,decode_gpu_ms,1251.30703125,1249.1414103190104,0.001730687095097716,30,5,-0.007621816166393236,0.011642103631650635
bottleneck-eml-d1-s1103-n12000,8,512,32,prefill_seconds,0.07260943638781707,0.07230033315718173,0.004257066932517817,30,5,0.003094004061821032,0.005785207544542703
bottleneck-eml-d1-s1103-n12000,8,512,32,decode_seconds,1.2546700356528162,1.2528903779263298,0.0014184268978419956,30,5,-0.007932146125871897,0.011418448144696952
bottleneck-eml-d1-s1103-n12000,8,512,32,end_to_end_seconds,1.327280544489622,1.3251916597907742,0.0015738079696263618,30,5,-0.007278748223307652,0.011035683284719489
bottleneck-eml-d1-s1103-n12000,8,512,32,prefill_gpu_ms,72.55685094197591,72.24787851969401,0.004258349394586913,30,5,0.0030899619278981216,0.005769545890336603
bottleneck-eml-d1-s1103-n12000,8,512,32,decode_gpu_ms,1254.628263346354,1252.8540161132812,0.001414161696262628,30,5,-0.007938541417238381,0.011415271601325272
bottleneck-silu-d1-s1103-n12000,1,128,32,prefill_seconds,0.04720236963282029,0.04610455750177304,0.023257563965261907,30,5,-0.0016112207894301012,0.04698228521440584
bottleneck-silu-d1-s1103-n12000,1,128,32,decode_seconds,1.2504260316491127,1.2604011646782358,-0.007977387527647206,30,5,-0.02319118053217939,0.004606831871418637
bottleneck-silu-d1-s1103-n12000,1,128,32,end_to_end_seconds,1.2976293001323937,1.3065066310887534,-0.006841191822236192,30,5,-0.020748840071171726,0.0049599601699600315
bottleneck-silu-d1-s1103-n12000,1,128,32,prefill_gpu_ms,46.53281071980794,45.42809371948242,0.02374060331273453,30,5,-0.0014918516661426295,0.04749136189294012
bottleneck-silu-d1-s1103-n12000,1,128,32,decode_gpu_ms,1249.68212890625,1259.7760620117188,-0.008077200491218628,30,5,-0.02341753028423521,0.004570280392198206
bottleneck-silu-d1-s1103-n12000,1,512,32,prefill_seconds,0.0629261459534367,0.06351092271506786,-0.009293064953697971,30,5,-0.03617876588008273,0.018114718307237543
bottleneck-silu-d1-s1103-n12000,1,512,32,decode_seconds,1.3142006620143851,1.3170961460719506,-0.0022032282749937515,30,5,-0.01108277142727876,0.004972631656772308
bottleneck-silu-d1-s1103-n12000,1,512,32,end_to_end_seconds,1.3771277218436202,1.380608067351083,-0.0025272496169079783,30,5,-0.012060376504134718,0.0052565866257827665
bottleneck-silu-d1-s1103-n12000,1,512,32,prefill_gpu_ms,60.858490498860675,61.78826853434245,-0.015277704521757363,30,5,-0.04869073333940044,0.016872524615363926
bottleneck-silu-d1-s1103-n12000,1,512,32,decode_gpu_ms,1312.1267333984374,1314.6689005533854,-0.0019374402565244253,30,5,-0.010778888875301096,0.005403430134235504
bottleneck-silu-d1-s1103-n12000,8,128,32,prefill_seconds,0.07490807964156071,0.07441078337530295,0.006638753371296491,30,5,-0.012575037143413015,0.026405156436785537
bottleneck-silu-d1-s1103-n12000,8,128,32,decode_seconds,1.3603319885830085,1.35471068272988,0.004132304393564934,30,5,-0.001276588179077942,0.00991725519551001
bottleneck-silu-d1-s1103-n12000,8,128,32,end_to_end_seconds,1.4352411160866418,1.4291225718955198,0.004263077557173811,30,5,-0.001436655230095063,0.010266649476866174
bottleneck-silu-d1-s1103-n12000,8,128,32,prefill_gpu_ms,72.64246393839518,72.37306060791016,0.0037086204938406864,30,5,-0.01574848530328099,0.024080353352514905
bottleneck-silu-d1-s1103-n12000,8,128,32,decode_gpu_ms,1358.5157877604167,1352.677608235677,0.004297469030053902,30,5,-0.0009974570323891818,0.010087929645502203
bottleneck-silu-d1-s1103-n12000,8,512,32,prefill_seconds,0.15259628718098003,0.1499714436630408,0.017201227935684682,30,5,-0.010011134858902926,0.044485055726034006
bottleneck-silu-d1-s1103-n12000,8,512,32,decode_seconds,1.3131681941449642,1.3218294293930133,-0.006595678517547832,30,5,-0.016486706162926808,0.003821904727863479
bottleneck-silu-d1-s1103-n12000,8,512,32,end_to_end_seconds,1.4657660864914457,1.4718024404719472,-0.004118224617237987,30,5,-0.013304170306635,0.005846896897313547
bottleneck-silu-d1-s1103-n12000,8,512,32,prefill_gpu_ms,150.54138743082683,147.68152414957683,0.01899718961049235,30,5,-0.008621652853254558,0.04651566955005926
bottleneck-silu-d1-s1103-n12000,8,512,32,decode_gpu_ms,1310.96552734375,1319.629484049479,-0.006608836407227203,30,5,-0.0165601905473991,0.003883705407137561
shortcut-eml-d1-s1103-n12000,1,128,32,prefill_seconds,0.03990682282795509,0.039648923402031265,0.006462539677379753,30,5,-0.03676456495468661,0.05821232084341288
shortcut-eml-d1-s1103-n12000,1,128,32,decode_seconds,1.1572255549331505,1.1642655055349072,-0.006083473158491781,30,5,-0.009029894814226225,-0.0017514206289599432
shortcut-eml-d1-s1103-n12000,1,128,32,end_to_end_seconds,1.1971333123743535,1.2039152498667438,-0.005665148085253202,30,5,-0.00974210398277875,0.0003035635022113801
shortcut-eml-d1-s1103-n12000,1,128,32,prefill_gpu_ms,39.859921010335285,39.60107205708822,0.0064939655344512515,30,5,-0.036691866175932786,0.0581982285534377
shortcut-eml-d1-s1103-n12000,1,128,32,decode_gpu_ms,1157.197001139323,1164.2385986328125,-0.00608504644114749,30,5,-0.009029428358069636,-0.0017510569679979326
shortcut-eml-d1-s1103-n12000,1,512,32,prefill_seconds,0.0404416740561525,0.04073530280341705,-0.007260548780865239,30,5,-0.03262186040726256,0.014539420916842904
shortcut-eml-d1-s1103-n12000,1,512,32,decode_seconds,1.2075702062497535,1.1991199892635147,0.006997702446205567,30,5,-0.00010189765580284002,0.013047723662071409
shortcut-eml-d1-s1103-n12000,1,512,32,end_to_end_seconds,1.2480127506578962,1.2398561461518207,0.006535674015971105,30,5,-0.0009305616871089217,0.013040054475332291
shortcut-eml-d1-s1103-n12000,1,512,32,prefill_gpu_ms,40.39549471537272,40.6885737101237,-0.0072552396453122725,30,5,-0.03264232148339863,0.014575034415343024
shortcut-eml-d1-s1103-n12000,1,512,32,decode_gpu_ms,1207.5453002929687,1199.0943115234375,0.0069984859097881325,30,5,-0.0001017388615178244,0.013048378378592185
shortcut-eml-d1-s1103-n12000,8,128,32,prefill_seconds,0.04116807399938504,0.04213422580311696,-0.023468472286227282,30,5,-0.04627791425489503,-0.0038539531573884567
shortcut-eml-d1-s1103-n12000,8,128,32,decode_seconds,1.1803343793377281,1.1865499371041854,-0.005265929617287668,30,5,-0.017569979171988524,0.005419619350907401
shortcut-eml-d1-s1103-n12000,8,128,32,end_to_end_seconds,1.221503468354543,1.2286850122114021,-0.005879266038051778,30,5,-0.018157901614055266,0.004601072195730027
shortcut-eml-d1-s1103-n12000,8,128,32,prefill_gpu_ms,41.11951573689779,42.08570251464844,-0.023497036879830402,30,5,-0.04630227851316793,-0.0038665009429372788
shortcut-eml-d1-s1103-n12000,8,128,32,decode_gpu_ms,1180.3048746744792,1186.5206990559896,-0.0052662871389264065,30,5,-0.01757142800282138,0.005418533664065306
shortcut-eml-d1-s1103-n12000,8,512,32,prefill_seconds,0.07300444673746824,0.07204577314356962,0.013131715076837858,30,5,0.006836509926964274,0.019712126555575304
shortcut-eml-d1-s1103-n12000,8,512,32,decode_seconds,1.225997582015892,1.2246120408798258,0.0011301336612653534,30,5,-0.013432313391325668,0.0193768717857713
shortcut-eml-d1-s1103-n12000,8,512,32,end_to_end_seconds,1.2990031209463875,1.2966589873035748,0.0018045635187580178,30,5,-0.011819005299693819,0.018710572868062103
shortcut-eml-d1-s1103-n12000,8,512,32,prefill_gpu_ms,72.9540631612142,71.99360783894856,0.013165206715672784,30,5,0.00684876334707285,0.01974973445032102
shortcut-eml-d1-s1103-n12000,8,512,32,decode_gpu_ms,1225.9616739908854,1224.5745768229167,0.0011314359962438791,30,5,-0.013428278539760807,0.01937138067698263
shortcut-silu-d1-s1103-n12000,1,128,32,prefill_seconds,0.04246078735838334,0.04226907423386971,0.004515062871903508,30,5,-0.0469730704589586,0.05014898754837982
shortcut-silu-d1-s1103-n12000,1,128,32,decode_seconds,1.2022034752493103,1.2084857614710927,-0.005225643038903716,30,5,-0.017227747564652507,0.006570697149733018
shortcut-silu-d1-s1103-n12000,1,128,32,end_to_end_seconds,1.2446650747209786,1.2507556257148584,-0.004893325214612609,30,5,-0.015862819572062037,0.005720564596882083
shortcut-silu-d1-s1103-n12000,1,128,32,prefill_gpu_ms,42.19314473470052,41.98233337402344,0.0049963415147793455,30,5,-0.04697484218340198,0.05264024909150101
shortcut-silu-d1-s1103-n12000,1,128,32,decode_gpu_ms,1201.9384440104166,1208.2194864908854,-0.005225760530224388,30,5,-0.017239145186355165,0.006571308391897346
shortcut-silu-d1-s1103-n12000,1,512,32,prefill_seconds,0.06193700643877188,0.06418747200320164,-0.03633474870398312,30,5,-0.053624762936632875,-0.020952016357169256
shortcut-silu-d1-s1103-n12000,1,512,32,decode_seconds,1.285090618332227,1.2964281940211853,-0.008822393944227791,30,5,-0.014350430881420628,-0.004481642835114874
shortcut-silu-d1-s1103-n12000,1,512,32,end_to_end_seconds,1.3470286098619302,1.3606165413434306,-0.010087336959304194,30,5,-0.014826371281436712,-0.006439238382500045
shortcut-silu-d1-s1103-n12000,1,512,32,prefill_gpu_ms,59.83709322611491,62.151817830403644,-0.038683774219141265,30,5,-0.056333412098851454,-0.02259268807241721
shortcut-silu-d1-s1103-n12000,1,512,32,decode_gpu_ms,1282.8801920572917,1294.214090983073,-0.00883472906975502,30,5,-0.014305953746949429,-0.004486136218368876
shortcut-silu-d1-s1103-n12000,8,128,32,prefill_seconds,0.07484579440206289,0.074292593387266,0.007391210410903737,30,5,-0.008868884849174474,0.022617818125401867
shortcut-silu-d1-s1103-n12000,8,128,32,decode_seconds,1.3641188689197103,1.366535706135134,-0.001771720390714604,30,5,-0.01481050373669679,0.008818227955170732
shortcut-silu-d1-s1103-n12000,8,128,32,end_to_end_seconds,1.4389657026777665,1.4408292774111033,-0.0012950793266781613,30,5,-0.013531172657623936,0.0085906961245445
shortcut-silu-d1-s1103-n12000,8,128,32,prefill_gpu_ms,72.53465372721354,72.2875872294108,0.00340618566584594,30,5,-0.012398789527273024,0.01804006853654072
shortcut-silu-d1-s1103-n12000,8,128,32,decode_gpu_ms,1362.0391438802083,1364.494991048177,-0.0018030665117101385,30,5,-0.014986426098528849,0.008693963225391309
shortcut-silu-d1-s1103-n12000,8,512,32,prefill_seconds,0.15088854289303222,0.15035132685055336,0.003560350124526712,30,5,-0.0014237593287313999,0.007580741358591658
shortcut-silu-d1-s1103-n12000,8,512,32,decode_seconds,1.3252403032034636,1.3395275397226214,-0.010780864787028888,30,5,-0.019399095841825087,0.0031356772486862416
shortcut-silu-d1-s1103-n12000,8,512,32,end_to_end_seconds,1.4761304209629695,1.4898805351306994,-0.009314972425512158,30,5,-0.016833965696802844,0.003271721595464183
shortcut-silu-d1-s1103-n12000,8,512,32,prefill_gpu_ms,148.7126434326172,148.3123336791992,0.0026918340241821603,30,5,-0.002948663653786987,0.0074730304483852095
shortcut-silu-d1-s1103-n12000,8,512,32,decode_gpu_ms,1322.9689168294271,1337.6473999023438,-0.011095108045391155,30,5,-0.019853698164980838,0.0029098257343146416
structured-eml-d1-s1103-n12000,1,128,32,prefill_seconds,0.05995714248468478,0.059433117198447384,0.008739997680364042,30,5,-0.01352040457630177,0.032552179615737795
structured-eml-d1-s1103-n12000,1,128,32,decode_seconds,1.3394077065090337,1.3602386192729075,-0.01555233157360747,30,5,-0.026940513729015736,-0.005053898231509812
structured-eml-d1-s1103-n12000,1,128,32,end_to_end_seconds,1.399366264914473,1.4196726950506369,-0.014511161691757035,30,5,-0.026471964449034324,-0.0036631260644532926
structured-eml-d1-s1103-n12000,1,128,32,prefill_gpu_ms,58.08836504618327,57.54149424235026,0.0094144636950656,30,5,-0.010567142722726075,0.03092002079732792
structured-eml-d1-s1103-n12000,1,128,32,decode_gpu_ms,1337.1718302408854,1358.1733276367188,-0.015705907738162717,30,5,-0.027240995674888246,-0.005071792353606996
structured-eml-d1-s1103-n12000,1,512,32,prefill_seconds,0.06351414211094379,0.06453563384711743,-0.016082902204509697,30,5,-0.05127964395819484,0.01423718420569331
structured-eml-d1-s1103-n12000,1,512,32,decode_seconds,1.3100984727963805,1.330313994611303,-0.015430536127389649,30,5,-0.027913359340227244,-0.003414465745575024
structured-eml-d1-s1103-n12000,1,512,32,end_to_end_seconds,1.373613741248846,1.3948506493742268,-0.015460611296792104,30,5,-0.028512763375396988,-0.002735229297951447
structured-eml-d1-s1103-n12000,1,512,32,prefill_gpu_ms,61.45305201212565,62.78950208028157,-0.021747497063159926,30,5,-0.053087688820085965,0.006014032401502445
structured-eml-d1-s1103-n12000,1,512,32,decode_gpu_ms,1308.0306193033855,1328.2639444986978,-0.015468540947526144,30,5,-0.027912727753161174,-0.0034595144281741597
structured-eml-d1-s1103-n12000,8,128,32,prefill_seconds,0.07278110980987548,0.07585937088976304,-0.04229478071890935,30,5,-0.10493149318423467,0.015494326350692589
structured-eml-d1-s1103-n12000,8,128,32,decode_seconds,1.331513021637996,1.3534143325562278,-0.016448439153294414,30,5,-0.0270133215339059,-0.004845458452344076
structured-eml-d1-s1103-n12000,8,128,32,end_to_end_seconds,1.4042951988056303,1.4292747767021259,-0.017787982126365565,30,5,-0.027790656806925496,-0.00655354077660375
structured-eml-d1-s1103-n12000,8,128,32,prefill_gpu_ms,71.06098454793295,73.90070838928223,-0.039961785773370506,30,5,-0.09636631917574356,0.0125059082109652
structured-eml-d1-s1103-n12000,8,128,32,decode_gpu_ms,1329.3893961588542,1351.2974243164062,-0.016479767493898567,30,5,-0.02698810485939763,-0.004807611704505499
structured-eml-d1-s1103-n12000,8,512,32,prefill_seconds,0.14999056787540516,0.15472029522061348,-0.031533498487299694,30,5,-0.05288250679330675,-0.009446436693381965
structured-eml-d1-s1103-n12000,8,512,32,decode_seconds,1.312123595799009,1.3413406587516268,-0.02226700521670466,30,5,-0.03329400058342835,-0.010932564907797593
structured-eml-d1-s1103-n12000,8,512,32,end_to_end_seconds,1.4621157955999176,1.4960625423118472,-0.023217550083303173,30,5,-0.035005866984887835,-0.011614904170760942
structured-eml-d1-s1103-n12000,8,512,32,prefill_gpu_ms,147.92009633382162,152.63650919596353,-0.03188486878414443,30,5,-0.05314366308448726,-0.01028263101156579
structured-eml-d1-s1103-n12000,8,512,32,decode_gpu_ms,1310.4069458007812,1339.297224934896,-0.02204679945164667,30,5,-0.032730561021734474,-0.0110137359111675
structured-silu-d1-s1103-n12000,1,128,32,prefill_seconds,0.060208488690356415,0.06087991936753193,-0.011151761018759254,30,5,-0.03136430464399376,0.010221461249002806
structured-silu-d1-s1103-n12000,1,128,32,decode_seconds,1.3467621921251218,1.346113534271717,0.00048164245862980515,30,5,-0.012222966096470339,0.012210738308078062
structured-silu-d1-s1103-n12000,1,128,32,end_to_end_seconds,1.4069715271393457,1.4069943451633056,-1.6217829230891212e-05,30,5,-0.012521412185980222,0.011604063584395474
structured-silu-d1-s1103-n12000,1,128,32,prefill_gpu_ms,58.05665664672851,58.7111701965332,-0.011273703785379396,30,5,-0.03378182258043494,0.013460161490054245
structured-silu-d1-s1103-n12000,1,128,32,decode_gpu_ms,1344.6928263346354,1343.810673014323,0.0006560258990278012,30,5,-0.011979881867207665,0.012345852754747089
structured-silu-d1-s1103-n12000,1,512,32,prefill_seconds,0.0619646331295371,0.06270327934374412,-0.011920448438109466,30,5,-0.05226920577920424,0.04835117233188084
structured-silu-d1-s1103-n12000,1,512,32,decode_seconds,1.2942505763843655,1.291969706552724,0.0017623093033601878,30,5,-0.0026353047029510357,0.0069478843427482895
structured-silu-d1-s1103-n12000,1,512,32,end_to_end_seconds,1.3562161178017655,1.3546738364423314,0.0011371943889989522,30,5,-0.004262215552599535,0.00853286956724253
structured-silu-d1-s1103-n12000,1,512,32,prefill_gpu_ms,59.90082015991211,60.73323911031087,-0.013896620249547853,30,5,-0.05260892665353878,0.04394454330281161
structured-silu-d1-s1103-n12000,1,512,32,decode_gpu_ms,1292.093798828125,1289.6136352539063,0.0019194918948362005,30,5,-0.002357703986692627,0.00712672811839643
structured-silu-d1-s1103-n12000,8,128,32,prefill_seconds,0.07639745511114597,0.07446045844505231,0.02535420405399169,30,5,0.0005909974164207688,0.04390041850684301
structured-silu-d1-s1103-n12000,8,128,32,decode_seconds,1.3684606421738863,1.3948786798243722,-0.01930493054481941,30,5,-0.03978885676831334,-0.003707371183863989
structured-silu-d1-s1103-n12000,8,128,32,end_to_end_seconds,1.444859117269516,1.4693402153129378,-0.016943588306163715,30,5,-0.03769981996879479,-0.00114568534281978
structured-silu-d1-s1103-n12000,8,128,32,prefill_gpu_ms,74.33591906229655,72.35926780700683,0.026590795946616508,30,5,0.003716002796414153,0.04308967800135721
structured-silu-d1-s1103-n12000,8,128,32,decode_gpu_ms,1366.442500813802,1392.9071329752603,-0.019367541733879667,30,5,-0.03972601234907058,-0.00386493760208495
structured-silu-d1-s1103-n12000,8,512,32,prefill_seconds,0.15180159447093805,0.15080115714420875,0.006590426999242283,30,5,-0.009613161794726821,0.022107471068633533
structured-silu-d1-s1103-n12000,8,512,32,decode_seconds,1.3379919998968641,1.340268130476276,-0.0017011541022571297,30,5,-0.009887640611557336,0.0054010236266727185
structured-silu-d1-s1103-n12000,8,512,32,end_to_end_seconds,1.489795223188897,1.4910711087907353,-0.000856416762504697,30,5,-0.006613965292246116,0.003934873776999859
structured-silu-d1-s1103-n12000,8,512,32,prefill_gpu_ms,149.90013783772787,148.77166722615559,0.007528149258901218,30,5,-0.00936019692538781,0.021844219374182572
structured-silu-d1-s1103-n12000,8,512,32,decode_gpu_ms,1335.9241007486978,1338.3392618815103,-0.0018078580448237513,30,5,-0.01004149305895985,0.005357564613455934
